Feature,P-Value
n_cores,0.02802156097848894
m_dep,0.15469255833647735
touch_screen,0.5873935015012353
four_g,0.6773004592756511
blue,0.867726341942754
dual_sim,0.8892978933193656
wifi,0.9356421960873115
three_g,0.9547484745831605
