Feature,Skewness
int_memory,0.05784590180779676
battery_power,0.03187454295305568
pc,0.017293168153506185
px_width,0.014776380851328284
talk_time,0.00950462691314207
ram,0.006623063336208135
mobile_wt,0.0065532377855500356
fc,-0.03214186202474498
clock_speed,-0.04283081702342268
sc_w,-0.0938604958446842
sc_h,-0.0988100623460247
px_height,-0.11375182448632704
