Feature,Skewness
fc,1.0190463925723268
px_height,0.6657714484857727
sc_w,0.6333116340766181
clock_speed,0.17795052935349268
int_memory,0.05784590180779676
battery_power,0.03187454295305568
pc,0.017293168153506185
px_width,0.014776380851328284
talk_time,0.00950462691314207
ram,0.006623063336208135
mobile_wt,0.0065532377855500356
sc_h,-0.0988100623460247
